"Reference","Qty","Value","DNP","Exclude from BOM","Exclude from Board","Footprint","Datasheet"
"C1,C3,C5,C7,C10,C12,C15,C18,C21,C22,C25,C27,C28,C29,C31,C32,C33,C34,C35,C36,C37,C39,C40,C41,C43,C44,C45,C46,C47,C49,C51,C53,C55,C65,C74","35","100n","","","","Capacitor_SMD:C_0603_1608Metric_Pad1.08x0.95mm_HandSolder","~"
"C2,C4,C6,C11,C16,C19,C23,C24,C26,C30,C58,C62,C64,C66,C70,C72,C73,C78,C80,C84","20","10u","","","","Capacitor_SMD:C_0805_2012Metric_Pad1.18x1.45mm_HandSolder","~"
"C8,C13,C17,C20,C48,C50","6","1u","","","","Capacitor_SMD:C_0603_1608Metric_Pad1.08x0.95mm_HandSolder","~"
"C9,C14,C38,C54","4","2.2u","","","","Capacitor_SMD:C_0603_1608Metric_Pad1.08x0.95mm_HandSolder","~"
"C42,C52","2","2u2","","","","Capacitor_SMD:C_0603_1608Metric_Pad1.08x0.95mm_HandSolder","~"
"C56","1","2.2","","","","Capacitor_SMD:C_0603_1608Metric_Pad1.08x0.95mm_HandSolder","~"
"C57,C61,C63,C69,C71,C76,C79,C82","8","470p","","","","Capacitor_SMD:C_0603_1608Metric_Pad1.08x0.95mm_HandSolder","~"
"C59,C67,C75,C81","4","2.7n","","","","Capacitor_SMD:C_0603_1608Metric_Pad1.08x0.95mm_HandSolder","~"
"C60,C68,C77,C83","4","10n","","","","Capacitor_SMD:C_0603_1608Metric_Pad1.08x0.95mm_HandSolder","~"
"D1,D2","2","B5819W","","","","library:SOD3716X125N","https://datasheet.lcsc.com/szlcsc/Changjiang-Electronics-Tech-CJ-B5819W_C8598.pdf"
"D3,D5,D7,D9,D11,D13,D15,D17,D18","9","LED","","","","LED_SMD:LED_0603_1608Metric_Pad1.05x0.95mm_HandSolder","~"
"D4,D6,D8,D10,D12,D14,D16","7","LED","","","","LED_THT:LED_D3.0mm","~"
"H1,H2,H3,H4,H5,H6","6","MountingHole_Pad","","Excluded from BOM","","MountingHole:MountingHole_3.2mm_M3_ISO14580_Pad","~"
"IC1","1","LV3842XDBVR","","","","library:SOT95P280X145-6N","https://www.ti.com/lit/ds/symlink/lv3842.pdf?ts=1731937269651&ref_url=https%253A%252F%252Fnl.mouser.com%252F"
"IC2","1","ADAU1961WBCPZ-R7","","","","library:QFN50P500X500X100-33N-D","https://www.arrow.com/en/products/adau1961wbcpz-r7/analog-devices"
"IC3","1","STM32H750VBT6","","Excluded from BOM","","library:QFP50P1600X1600X160-100N","https://www.st.com/resource/en/datasheet/stm32h750vb.pdf"
"IC4","1","STM32H523CEU6","","Excluded from BOM","","library:QFN50P700X700X60-49N-D","https://www.arrow.com/en/products/stm32h523ceu6/stmicroelectronics?region=nac"
"IC5","1","W25Q512JVEIM","","","","library:SON127P800X600X80-9N-D","https://www.winbond.com/hq/search-resource-file.jsp?partNo=W25Q512JVEIM&type=datasheet"
"J1","1","Conn_01x02","","Excluded from BOM","","Connector_PinHeader_2.54mm:PinHeader_1x02_P2.54mm_Vertical","~"
"J2","1","Barrel_Jack_Switch","","","","library:694106301002_1","~"
"J3","1","Conn_01x01","","Excluded from BOM","","Connector_PinHeader_2.54mm:PinHeader_1x01_P2.54mm_Vertical","~"
"J4,J5,J7,J9,J10","5","Conn_01x03","","Excluded from BOM","","Connector_JST:JST_PH_B3B-PH-K_1x03_P2.00mm_Vertical","~"
"J6","1","ER-OLEDM0383-1-SPI_Conn_01x10","","Excluded from BOM","","library:ER-OLEDM0383-1-SPI","~"
"J8","1","USB_C_Receptacle_USB2.0_16P","","","","Connector_USB:USB_C_Receptacle_GCT_USB4105-xx-A_16P_TopMnt_Horizontal","https://www.usb.org/sites/default/files/documents/usb_type-c.zip"
"J11,J12,J13","3","Conn_01x05","","Excluded from BOM","","Connector_JST:JST_PH_B5B-PH-K_1x05_P2.00mm_Vertical","~"
"J14,J15,J16,J17","4","ReanNYS216G","","","","library:NYS-216G","~"
"JP1","1","SJ+","","Excluded from BOM","","Jumper:SolderJumper-3_P1.3mm_Open_Pad1.0x1.5mm","~"
"JP2","1","SJ-","","Excluded from BOM","","Jumper:SolderJumper-3_P1.3mm_Open_Pad1.0x1.5mm","~"
"L1","1","18uH 1.5A","","","","library:SRR6040A180M","~"
"R1","1","100k","","","","Resistor_SMD:R_0603_1608Metric_Pad0.98x0.95mm_HandSolder","~"
"R2,R3","2","47k","","","","Resistor_SMD:R_0603_1608Metric_Pad0.98x0.95mm_HandSolder","~"
"R4","1","49.9","","","","Resistor_SMD:R_0603_1608Metric_Pad0.98x0.95mm_HandSolder","~"
"R5,R6,R7,R8","4","0","","","","Resistor_SMD:R_0603_1608Metric_Pad0.98x0.95mm_HandSolder","~"
"R9,R11,R12,R15,R16,R17,R18,R19,R27,R28,R29,R30,R31,R32,R33,R34,R35,R36,R37,R38,R39,R40,R46,R48,R54,R56,R61,R63,R67,R69","30","10k","","","","Resistor_SMD:R_0603_1608Metric_Pad0.98x0.95mm_HandSolder","~"
"R10","1","4k7","","","","Resistor_SMD:R_0603_1608Metric_Pad0.98x0.95mm_HandSolder","~"
"R13,R14","2","5k1","","","","Resistor_SMD:R_0603_1608Metric_Pad0.98x0.95mm_HandSolder","~"
"R20,R21,R22,R23,R24,R25,R26,R41,R42","9","680","","","","Resistor_SMD:R_0603_1608Metric_Pad0.98x0.95mm_HandSolder","~"
"R43,R47,R51,R55,R59,R62,R65,R68","8","634","","","","Resistor_SMD:R_0603_1608Metric_Pad0.98x0.95mm_HandSolder","~"
"R44,R49,R52,R57,R60,R64,R66,R70","8","91","","","","Resistor_SMD:R_0603_1608Metric_Pad0.98x0.95mm_HandSolder","~"
"R45,R50,R53,R58","4","470","","","","Resistor_SMD:R_0603_1608Metric_Pad0.98x0.95mm_HandSolder","~"
"RV1,RV2,RV3","3","CG0402MLU-12G","","","","library:VARC1005X41N","https://bourns.com/docs/product-datasheets/mlu.pdf?sfvrsn=1940d498_27"
"RV4","1","R_Potentiometer","","","","Potentiometer_THT:Potentiometer_Alpha_RD901F-40-00D_Single_Vertical_CircularHoles","~"
"SW1","1","RotaryEncoder_Switch","","","","Rotary_Encoder:RotaryEncoder_Alps_EC11E-Switch_Vertical_H20mm_CircularMountingHoles","~"
"SW2,SW3,SW4,SW5,SW6,SW7,SW8,SW9,SW10,SW11","10","SW_Push","","","","Button_Switch_THT:SW_TH_Tactile_Omron_B3F-102x","~"
"TP1,TP2,TP3,TP4","4","TestPoint","","Excluded from BOM","","TestPoint:TestPoint_Pad_D1.0mm","~"
"U1,U2","2","TLV76133DCY","","","","Package_TO_SOT_SMD:SOT-223-3_TabPin2","https://www.ti.com/lit/ds/symlink/tlv761.pdf"
"U3,U4","2","MCP6004","","","","Package_SO:TSSOP-14_4.4x5mm_P0.65mm","http://ww1.microchip.com/downloads/en/DeviceDoc/21733j.pdf"
